{"cameraMode":{"drawMode":0,"name":"Shaded","section":"Shading Mode"},"sceneLighting":true,"audioPlay":false,"sceneViewState":{"showFog":true,"showMaterialUpdate":false,"showSkybox":true,"showFlares":true,"showImageEffects":true,"showParticleSystems":true},"in2DMode":false,"pivot":{"x":5.039395332336426,"y":7.451006889343262,"z":5.149635314941406},"rotation":{"x":0.039900556206703189,"y":0.28866779804229739,"z":0.01204180158674717,"w":-0.95652174949646},"size":22.989999771118165,"orthographic":false}