{"cameraMode":{"drawMode":0,"name":"Shaded","section":"Shading Mode"},"sceneLighting":true,"audioPlay":false,"sceneViewState":{"showFog":true,"showMaterialUpdate":false,"showSkybox":true,"showFlares":true,"showImageEffects":true,"showParticleSystems":true},"in2DMode":false,"pivot":{"x":-21.285295486450197,"y":0.11316537857055664,"z":31.323341369628908},"rotation":{"x":-0.08918583393096924,"y":0.43470069766044619,"z":-0.04331234470009804,"w":-0.8951007723808289},"size":58.883426666259769,"orthographic":false}