{"cameraMode":{"drawMode":0,"name":"Shaded","section":"Shading Mode"},"sceneLighting":true,"audioPlay":false,"sceneViewState":{"showFog":true,"showMaterialUpdate":false,"showSkybox":true,"showFlares":true,"showImageEffects":true,"showParticleSystems":true},"in2DMode":false,"pivot":{"x":0.07387971878051758,"y":2.404590606689453,"z":-4.205965042114258},"rotation":{"x":-0.2081119269132614,"y":0.21140040457248689,"z":-0.0461222343146801,"w":-0.9538721442222595},"size":4.991032600402832,"orthographic":false}